#,,omega,volume,,,,,energy,,energy,(Ry),,,,,,,,enthalpy(p),(Ry),,,,pressure,(kbar)
,,,1451.6556630521,,,,,-467.0588246879,,,,,-466.5303938075,,,,,,,53.5491081785,,,,,
,,,1455.9062921359,,,,,-467.0603071751,,,,,-466.5746131755,,,,,,,49.0746240419,,,,,
,,,1460.1569212197,,,,,-467.0616614377,,,,,-466.6182326058,,,,,,,44.6737142908,,,,,
,,,1464.4075503035,,,,,-467.0628895809,,,,,-466.6612619488,,,,,,,40.3449602097,,,,,
,,,1468.6581793874,,,,,-467.0639936698,,,,,-466.7037108656,,,,,,,36.086974445,,,,,
,,,1472.9088084712,,,,,-467.0649757294,,,,,-466.7455888316,,,,,,,31.8984002241,,,,,
,,,1477.159437555,,,,,-467.0658377462,,,,,-466.7869051409,,,,,,,27.7779105956,,,,,
,,,1481.4100666388,,,,,-467.0665816686,,,,,-466.8276689101,,,,,,,23.7242076904,,,,,
,,,1485.6606957226,,,,,-467.0672094082,,,,,-466.8678890823,,,,,,,19.7360220035,,,,,
,,,1489.9113248064,,,,,-467.0677228399,,,,,-466.9075744308,,,,,,,15.8121116954,,,,,
,,,1494.1619538903,,,,,-467.0681238035,,,,,-466.946733563,,,,,,,11.9512619127,,,,,
,,,1498.4125829741,,,,,-467.0684141038,,,,,-466.9853749236,,,,,,,,8.152284127,,,,
,,,1502.6632120579,,,,,-467.0685955118,,,,,-467.0235067985,,,,,,,,4.414015492,,,,
,,,1506.9138411417,,,,,-467.0686697652,,,,,-467.0611373182,,,,,,,,0.7353182181,,,,
,,,1511.1644702255,,,,,-467.0686385691,,,,,-467.0982744608,,,,,,,-2.8849210359,,,,,
,,,1515.4150993093,,,,,-467.068503597,,,,,-467.1349260556,,,,,,,-6.4477917554,,,,,
,,,1519.6657283931,,,,,-467.0682664911,,,,,-467.1710997863,,,,,,,-9.9543601456,,,,,
,,,1523.916357477,,,,,-467.067928863,,,,,-467.2068031938,,,,,,-13.4056696926,,,,,,
,,,1528.1669865608,,,,,-467.0674922948,,,,,-467.2420436796,,,,,,-16.8027417086,,,,,,
,,,1532.4176156446,,,,,-467.066958339,,,,,-467.2768285084,,,,,,-20.1465758635,,,,,,
,,,1536.6682447284,,,,,-467.0663285198,,,,,-467.3111648115,,,,,,-23.4381507013,,,,,,
,,,1540.9188738122,,,,,-467.0656043335,,,,,-467.345059589,,,,,,-26.6784241437,,,,,,
,,,1545.169502896,,,,,-467.0647872487,,,,,-467.3785197129,,,,,,-29.8683339797,,,,,,
,,,1549.4201319799,,,,,-467.0638787074,,,,,-467.4115519299,,,,,,-33.0087983427,,,,,,
,,,1553.6707610637,,,,,-467.0628801253,,,,,-467.4441628639,,,,,,-36.1007161748,,,,,,
,,,1557.9213901475,,,,,-467.0617928925,,,,,-467.4763590182,,,,,,-39.1449676787,,,,,,
,,,1562.1720192313,,,,,-467.0606183736,,,,,-467.5081467788,,,,,,-42.1424147586,,,,,,
,,,1566.4226483151,,,,,-467.059357909,,,,,-467.539532416,,,,,,-45.0939014485,,,,,,
,,,1570.6732773989,,,,,-467.0580128147,,,,,-467.5705220874,,,,,,-48.0002543298,,,,,,
,,,1574.9239064827,,,,,-467.0565843831,,,,,-467.60112184,,,,,,-50.8622829385,,,,,,
,,,1579.1745355666,,,,,-467.0550738834,,,,,-467.6313376124,,,,,,-53.680780161,,,,,,
,,,1583.4251646504,,,,,-467.0534825623,,,,,-467.6611752371,,,,,,-56.4565226204,,,,,,
,,,1587.6757937342,,,,,-467.0518116441,,,,,-467.6906404428,,,,,,-59.1902710522,,,,,,
,,,1591.926422818,,,,,-467.0500623314,,,,,-467.7197388563,,,,,,-61.8827706709,,,,,,
,,,1596.1770519018,,,,,-467.0482358056,,,,,-467.7484760046,,,,,,-64.5347515271,,,,,,
,,,1600.4276809856,,,,,-467.046333227,,,,,-467.7768573173,,,,,,-67.1469288548,,,,,,
,,,1604.6783100695,,,,,-467.0443557358,,,,,-467.804888128,,,,,,-69.7200034108,,,,,,
,,,1608.9289391533,,,,,-467.0423044517,,,,,-467.8325736767,,,,,,-72.2546618052,,,,,,
,,,1613.1795682371,,,,,-467.040180475,,,,,-467.8599191113,,,,,,-74.7515768226,,,,,,
,,,1617.4301973209,,,,,-467.0379848869,,,,,-467.8869294899,,,,,,-77.2114077367,,,,,,
,,,1621.6808264047,,,,,-467.0357187495,,,,,-467.9136097823,,,,,,-79.6348006157,,,,,,
,,,1625.9314554885,,,,,-467.0333831065,,,,,-467.9399648717,,,,,,-82.0223886206,,,,,,
,,,1630.1820845724,,,,,-467.0309789835,,,,,-467.9659995566,,,,,,-84.3747922961,,,,,,
,,,1634.4327136562,,,,,-467.0285073884,,,,,-467.9917185527,,,,,,-86.6926198534,,,,,,
,,,1638.68334274,,,,,-467.0259693115,,,,,-468.0171264939,,,,,,-88.9764674474,,,,,,
,,,1642.9339718238,,,,,-467.0233657263,,,,,-468.0422279345,,,,,,-91.2269194453,,,,,,
,,,1647.1846009076,,,,,-467.0206975894,,,,,-468.0670273506,,,,,,-93.4445486898,,,,,,
,,,1651.4352299914,,,,,-467.0179658412,,,,,-468.0915291416,,,,,,-95.6299167553,,,,,,
,,,1655.6858590752,,,,,-467.0151714058,,,,,-468.1157376317,,,,,,-97.7835741976,,,,,,
,,,1659.9364881591,,,,,-467.0123151916,,,,,-468.1396570714,,,,,,-99.9060607977,,,,,,
,,,1664.1871172429,,,,,-467.0093980918,,,,,-468.163291639,,,,,-101.9979057996,,,,,,,
